{
	"sprite": {
		"Anticipation": [0, 9365.827664399094, true],
		"AnticipationStart": [11000, 2242.970521541951],
		"Basegame_music": [15000, 177109.54648526077, true],
		"BetDown": [194000, 436.394557823121],
		"BetUp": [196000, 436.394557823121],
		"Big_Hit": [198000, 548.5714285714209],
		"BtnGeneral": [201000, 450],
		"CoinLoopBigWins": [204000, 18560.453514739238, true],
		"DeadSpin": [224000, 307.43764172336796],
		"End-Game-Loop": [226000, 7304.172335600896],
		"Endgame_start": [235000, 4784.897959183667],
		"Freespin_music": [241000, 128440, true],
		"FsRespin": [371000, 5870.7029478458135],
		"PayTicks": [378000, 1071.0204081632924],
		"Reel1": [381500, 1806.3718820861823],
		"ScatterReveal": [387500, 500.8866213151814],
		"ScatterWin": [388000, 2664.399092970541],
		"ScatterWinV2": [392000, 4967.505668934223],
		"Scatterstop1": [399000, 2438.594104308379],
		"Scatterstop2": [403000, 2303.129251700682],
		"Scatterstop3": [407000, 2890.181405895703],
		"Scatterstop4": [411000, 2799.8866213151814],
		"Scatterstop5": [415000, 1941.8367346938794],
		"Sfx-You-Won-Panel": [417000, 3838.5487528344697],
		"Small_Hit": [422000, 548.5714285714494],
		"Spin-Turbo": [424000, 340.70294784578437],
		"Spin": [426000, 511.0657596371766],
		"Turbo-Toggle": [428000, 60.92063492063835],
		"Wild_Drop": [430000, 548.5714285714494],
		"WinLevel-Nice": [432000, 2709.5691609977166],
		"WinLevel-Substantial": [436000, 3703.0612244897725],
		"WinLevel_Small": [441000, 2754.6938775510057]
	},
	"src": [
		"./assets/audio/sounds.ogg",
		"./assets/audio/sounds.m4a",
		"./assets/audio/sounds.mp3",
		"./assets/audio/sounds.ac3"
	],
	"config": {
		"Anticipation": { "volume": 1 },
		"AnticipationStart": { "volume": 1 },
		"Basegame_music": { "volume": 0.65 },
		"BetDown": { "volume": 1 },
		"BetUp": { "volume": 1 },
		"Big_Hit": { "volume": 1 },
		"BtnGeneral": { "volume": 1 },
		"CoinLoopBigWins": { "volume": 1 },
		"DeadSpin": { "volume": 1 },
		"End-Game-Loop": { "volume": 1 },
		"Endgame_start": { "volume": 1 },
		"Freespin_music": { "volume": 0.65 },
		"FsRespin": { "volume": 1 },
		"PayTicks": { "volume": 1 },
		"Reel1": { "volume": 1 },
		"ScatterReveal": { "volume": 1 },
		"ScatterWin": { "volume": 1 },
		"ScatterWinV2": { "volume": 1 },
		"Scatterstop1": { "volume": 1 },
		"Scatterstop2": { "volume": 1 },
		"Scatterstop3": { "volume": 1 },
		"Scatterstop4": { "volume": 1 },
		"Scatterstop5": { "volume": 1 },
		"Sfx-You-Won-Panel": { "volume": 1 },
		"Small_Hit": { "volume": 1 },
		"Spin-Turbo": { "volume": 1 },
		"Spin": { "volume": 1 },
		"Turbo-Toggle": { "volume": 1 },
		"Wild_Drop": { "volume": 1 },
		"WinLevel-Nice": { "volume": 1 },
		"WinLevel-Substantial": { "volume": 1 },
		"WinLevel_Small": { "volume": 1 }
	}
}