{
  "urls": [
    "../../static/assets/audio/sounds.ogg",
    "../../static/assets/audio/sounds.mp3",
    "../../static/assets/audio/sounds.m4a",
    "../../static/assets/audio/sounds.ac3"
  ],
  "sprite": {
    "Anticipation": [
      0,
      9365.827664399094
    ],
    "AnticipationStart": [
      11000,
      2242.970521541951
    ],
    "Basegame_music": [
      15000,
      177109.54648526077
    ],
    "BetDown": [
      194000,
      436.394557823121
    ],
    "BetUp": [
      196000,
      436.394557823121
    ],
    "Big_Hit": [
      198000,
      548.5714285714209
    ],
    "BtnGeneral": [
      200000,
      2257.959183673478
    ],
    "CoinLoopBigWins": [
      204000,
      18560.453514739238
    ],
    "DeadSpin": [
      224000,
      307.43764172336796
    ],
    "End-Game-Loop": [
      226000,
      7304.172335600896
    ],
    "Endgame_start": [
      235000,
      4784.897959183667
    ],
    "Freespin_music": [
      241000,
      128440
    ],
    "FsRespin": [
      371000,
      5870.7029478458135
    ],
    "PayTicks": [
      378000,
      1071.0204081632924
    ],
    "Reel1": [
      381000,
      1806.3718820861823
    ],
    "ScatterReveal": [
      384000,
      2799.8866213151814
    ],
    "ScatterWin": [
      388000,
      2664.399092970541
    ],
    "ScatterWinV2": [
      392000,
      4967.505668934223
    ],
    "Scatterstop1": [
      398000,
      2438.594104308379
    ],
    "Scatterstop2": [
      402000,
      2303.129251700682
    ],
    "Scatterstop3": [
      406000,
      2890.181405895703
    ],
    "Scatterstop4": [
      410000,
      2799.8866213151814
    ],
    "Scatterstop5": [
      414000,
      1941.8367346938794
    ],
    "Sfx-You-Won-Panel": [
      417000,
      3838.5487528344697
    ],
    "Small_Hit": [
      422000,
      548.5714285714494
    ],
    "Spin-Turbo": [
      424000,
      340.70294784578437
    ],
    "Spin": [
      426000,
      511.0657596371766
    ],
    "Turbo-Toggle": [
      428000,
      34.92063492063835
    ],
    "Wild_Drop": [
      430000,
      548.5714285714494
    ],
    "WinLevel-Nice": [
      432000,
      2709.5691609977166
    ],
    "WinLevel-Substantial": [
      436000,
      3703.0612244897725
    ],
    "WinLevel_Small": [
      441000,
      2754.6938775510057
    ]
  }
}